{"data":{"packages":{"2373bbcf94c1b893dad48961d0a2d086":[{"content":{"99hdf.com":[{"pattern":"^https?:\\/\\/([0-9A-Za-z_\\-]+\\.)?99hdf\\.com\\/","group":"private","included_methods":[],"excluded_methods":[]}],"amemv.com":[{"pattern":"^https?:\\/\\/([0-9A-Za-z_\\-]+\\.)?amemv\\.com\\/","group":"private","included_methods":[],"excluded_methods":[]}],"baohuaxia.com":[{"pattern":"^https?:\\/\\/([0-9A-Za-z_\\-]+\\.)?baohuaxia\\.com\\/","group":"private","included_methods":[],"excluded_methods":[]}],"bytecdn.cn":[{"pattern":"^https?:\\/\\/([0-9A-Za-z_\\-]+\\.)?s3b\\.bytecdn\\.cn\\/","group":"private","included_methods":[],"excluded_methods":[]},{"pattern":"^https?:\\/\\/([0-9A-Za-z_\\-]+\\.)?3\\.bytecdn\\.cn\\/","group":"private","included_methods":[],"excluded_methods":[]},{"pattern":"^https?:\\/\\/([0-9A-Za-z_\\-]+\\.)?s3\\.bytecdn\\.cn\\/","group":"private","included_methods":[],"excluded_methods":[]},{"pattern":"^https?:\\/\\/([0-9A-Za-z_\\-]+\\.)?s3a\\.bytecdn\\.cn\\/","group":"private","included_methods":[],"excluded_methods":[]}],"byted.org":[{"pattern":"^https?:\\/\\/tosv\\.byted\\.org\\/","group":"private","included_methods":[],"excluded_methods":[]}],"bytedance.com":[{"pattern":"^https?:\\/\\/webim\\.bytedance\\.com\\/","group":"private","included_methods":[],"excluded_methods":[]},{"pattern":"^https?:\\/\\/adshow\\.bytedance\\.com\\/","group":"private","included_methods":[],"excluded_methods":[]},{"pattern":"^https?:\\/\\/admin\\.bytedance\\.com\\/","group":"private","included_methods":[],"excluded_methods":[]},{"pattern":"^https?:\\/\\/ngcc\\.bytedance\\.com\\/","group":"private","included_methods":[],"excluded_methods":[]},{"pattern":"^https?:\\/\\/carter-app\\.bytedance\\.com\\/","group":"private","included_methods":[],"excluded_methods":[]},{"pattern":"^https?:\\/\\/helpdesk\\.bytedance\\.com\\/","group":"private","included_methods":[],"excluded_methods":[]},{"pattern":"^https?:\\/\\/([0-9A-Za-z_\\-]+\\.)?live\\.bytedance\\.com\\/","group":"private","included_methods":[],"excluded_methods":[]},{"pattern":"^https?:\\/\\/pickad\\.bytedance\\.com\\/","group":"private","included_methods":[],"excluded_methods":[]}],"bytedance.net":[{"pattern":"^https?:\\/\\/webim-test\\.bytedance\\.net\\/","group":"private","included_methods":[],"excluded_methods":[]},{"pattern":"^https?:\\/\\/adshow-test\\.bytedance\\.net\\/","group":"private","included_methods":[],"excluded_methods":[]},{"pattern":"^https?:\\/\\/lm-t1\\.bytedance\\.net\\/","group":"private","included_methods":[],"excluded_methods":[]},{"pattern":"^https?:\\/\\/([0-9A-Za-z_\\-]+\\.)?renzheng-douyin-boe\\.bytedance\\.net\\/","group":"private","included_methods":[],"excluded_methods":[]}],"byteoversea.com":[{"pattern":"^https?:\\/\\/([0-9A-Za-z_\\-]+\\.)?byteoversea\\.com\\/ee\\/sce","group":"private","included_methods":[],"excluded_methods":[]}],"chengzijianzhan.com":[{"pattern":"^https?:\\/\\/([0-9A-Za-z_\\-]+\\.)?chengzijianzhan\\.com\\/","group":"private","included_methods":[],"excluded_methods":[]}],"dailygn.com":[{"pattern":"^https?:\\/\\/huoying\\.dailygn\\.com\\/","group":"private","included_methods":[],"excluded_methods":[]},{"pattern":"^https?:\\/\\/br\\.dailygn\\.com\\/","group":"private","included_methods":[],"excluded_methods":[]},{"pattern":"^https?:\\/\\/op\\.dailygn\\.com\\/","group":"private","included_methods":[],"excluded_methods":[]},{"pattern":"^https?:\\/\\/slg\\.dailygn\\.com\\/","group":"private","included_methods":[],"excluded_methods":[]}],"douugame.com":[{"pattern":"^https?:\\/\\/cg\\.douugame\\.com\\/","group":"private","included_methods":[],"excluded_methods":[]}],"douyin.com":[{"pattern":"^https?:\\/\\/([0-9A-Za-z_\\-]+\\.)?douyin\\.com\\/","group":"private","included_methods":[],"excluded_methods":[]}],"douyinvideo.net":[{"pattern":"^https?:\\/\\/([0-9A-Za-z_\\-]+\\.)?douyinvideo\\.net\\/","group":"private","included_methods":[],"excluded_methods":[]}],"fangxinjiefxj.com":[{"pattern":"^https?:\\/\\/([0-9A-Za-z_\\-]+\\.)?fangxinjiefxj\\.com\\/","group":"private","included_methods":[],"excluded_methods":[]}],"feishu-pre.cn":[{"pattern":"^https?:\\/\\/([0-9A-Za-z_\\-]+\\.)?feishu-pre\\.cn\\/","group":"private","included_methods":[],"excluded_methods":[]}],"feishu-staging.cn":[{"pattern":"^https?:\\/\\/([0-9A-Za-z_\\-]+\\.)?feishu-staging\\.cn\\/","group":"private","included_methods":[],"excluded_methods":[]}],"feishu.cn":[{"pattern":"^https?:\\/\\/([0-9A-Za-z_\\-]+\\.)?feishu\\.cn\\/","group":"private","included_methods":[],"excluded_methods":[]}],"huoshan.com":[{"pattern":"^https?:\\/\\/([0-9A-Za-z_\\-]+\\.)?huoshan\\.com\\/","group":"private","included_methods":[],"excluded_methods":[]}],"iesdouyin.com":[{"pattern":"^https?:\\/\\/([0-9A-Za-z_\\-]+\\.)?iesdouyin\\.com\\/","group":"private","included_methods":[],"excluded_methods":[]}],"isnssdk.com":[{"pattern":"^https?:\\/\\/f-p-va\\.isnssdk\\.com\\/","group":"private","included_methods":[],"excluded_methods":[]}],"ixigua.com":[{"pattern":"^https?:\\/\\/([0-9A-Za-z_\\-]+\\.)?ixigua\\.com\\/","group":"private","included_methods":[],"excluded_methods":[]}],"iyincaishijiao.com":[{"pattern":"^https?:\\/\\/student-api\\.iyincaishijiao\\.com\\/","group":"private","included_methods":[],"excluded_methods":[]}],"jinritemai.com":[{"pattern":"^https?:\\/\\/([0-9A-Za-z_\\-]+\\.)?lb\\.jinritemai\\.com\\/","group":"private","included_methods":[],"excluded_methods":[]},{"pattern":"^https?:\\/\\/([0-9A-Za-z_\\-]+\\.)?jinritemai\\.com\\/","group":"private","included_methods":[],"excluded_methods":[]}],"juliangyinqing.com":[{"pattern":"^https?:\\/\\/([0-9A-Za-z_\\-]+\\.)?juliangyinqing\\.com\\/","group":"private","included_methods":[],"excluded_methods":[]}],"larksuite-pre.com":[{"pattern":"^https?:\\/\\/([0-9A-Za-z_\\-]+\\.)?larksuite-pre\\.com\\/","group":"private","included_methods":[],"excluded_methods":[]}],"larksuite-staging.com":[{"pattern":"^https?:\\/\\/([0-9A-Za-z_\\-]+\\.)?larksuite-staging\\.com\\/","group":"private","included_methods":[],"excluded_methods":[]}],"larksuite.com":[{"pattern":"^https?:\\/\\/([0-9A-Za-z_\\-]+\\.)?larksuite\\.com\\/","group":"private","included_methods":[],"excluded_methods":[]}],"oceanengine.com":[{"pattern":"^https?:\\/\\/popup\\.oceanengine\\.com\\/","group":"private","included_methods":[],"excluded_methods":[]},{"pattern":"^https?:\\/\\/e\\.oceanengine\\.com\\/","group":"private","included_methods":[],"excluded_methods":[]},{"pattern":"^https?:\\/\\/ad\\.oceanengine\\.com\\/","group":"private","included_methods":[],"excluded_methods":[]},{"pattern":"^https?:\\/\\/cg\\.oceanengine\\.com\\/","group":"private","included_methods":[],"excluded_methods":[]},{"pattern":"^https?:\\/\\/poi\\.oceanengine\\.com\\/","group":"private","included_methods":[],"excluded_methods":[]},{"pattern":"^https?:\\/\\/school\\.oceanengine\\.com\\/","group":"private","included_methods":[],"excluded_methods":[]}],"openlanguage.com":[{"pattern":"^https?:\\/\\/([0-9A-Za-z_\\-]+\\.)?m\\.openlanguage\\.com\\/","group":"private","included_methods":[],"excluded_methods":[]}],"ppkankan01.com":[{"pattern":"^https?:\\/\\/maya\\.ppkankan01\\.com\\/","group":"private","included_methods":[],"excluded_methods":[]}],"pstatp.com":[{"pattern":"^https?:\\/\\/sf1-ttcdn-tos\\.pstatp\\.com\\/obj\\/union-fe\\/playable\\/","group":"private","included_methods":[],"excluded_methods":[]},{"pattern":"^https?:\\/\\/sf3-ttcdn-tos\\.pstatp\\.com\\/obj\\/ad-tetris-site\\/","group":"private","included_methods":[],"excluded_methods":[]},{"pattern":"^https?:\\/\\/sf3-dycdn-tos\\.pstatp\\.com\\/obj\\/luckycat\\/activity\\/aweme_welfare\\/","group":"private","included_methods":[],"excluded_methods":[]},{"pattern":"^https?:\\/\\/sf3-ttcdn-tos\\.pstatp\\.com\\/obj\\/union-fe\\/playable","group":"private","included_methods":[],"excluded_methods":[]},{"pattern":"^https?:\\/\\/sf6-ugcdn-tos\\.pstatp\\.com\\/obj\\/luckycat-html\\/","group":"private","included_methods":[],"excluded_methods":[]},{"pattern":"^https?:\\/\\/sf3-ugcdn-tos\\.pstatp\\.com\\/obj\\/luckycat-html\\/","group":"private","included_methods":[],"excluded_methods":[]},{"pattern":"^https?:\\/\\/sf1-ugcdn-tos\\.pstatp\\.com\\/obj\\/luckycat-html\\/","group":"private","included_methods":[],"excluded_methods":[]},{"pattern":"^https?:\\/\\/([0-9A-Za-z_\\-]+\\.)?s9\\.pstatp\\.com\\/","group":"private","included_methods":[],"excluded_methods":[]},{"pattern":"^https?:\\/\\/([0-9A-Za-z_\\-]+\\.)?s\\.pstatp\\.com\\/","group":"private","included_methods":[],"excluded_methods":[]},{"pattern":"^https?:\\/\\/([0-9A-Za-z_\\-]+\\.)?s3\\.pstatp\\.com\\/","group":"private","included_methods":[],"excluded_methods":[]},{"pattern":"^https?:\\/\\/([0-9A-Za-z_\\-]+\\.)?a3\\.pstatp\\.com\\/","group":"private","included_methods":[],"excluded_methods":[]},{"pattern":"^https?:\\/\\/([0-9A-Za-z_\\-]+\\.)?s3a\\.pstatp\\.com\\/","group":"private","included_methods":[],"excluded_methods":[]},{"pattern":"^https?:\\/\\/([0-9A-Za-z_\\-]+\\.)?s3b\\.pstatp\\.com\\/","group":"private","included_methods":[],"excluded_methods":[]},{"pattern":"^https?:\\/\\/unpkg\\.pstatp\\.com\\/byted\\/secsdk-verify\\/","group":"private","included_methods":[],"excluded_methods":[]}],"snssdk.com":[{"pattern":"^https?:\\/\\/([0-9A-Za-z_\\-]+\\.)?snssdk\\.com\\/","group":"private","included_methods":[],"excluded_methods":[]}],"toutiao.com":[{"pattern":"^https?:\\/\\/([0-9A-Za-z_\\-]+\\.)?ad\\.toutiao\\.com\\/","group":"private","included_methods":[],"excluded_methods":[]},{"pattern":"^https?:\\/\\/([0-9A-Za-z_\\-]+\\.)?toutiao\\.com\\/","group":"private","included_methods":[],"excluded_methods":[]}],"toutiaocdn.cn":[{"pattern":"^https?:\\/\\/m\\.toutiaocdn\\.cn\\/","group":"private","included_methods":[],"excluded_methods":[]}],"toutiaocdn.com":[{"pattern":"^https?:\\/\\/m\\.toutiaocdn\\.com\\/","group":"private","included_methods":[],"excluded_methods":[]},{"pattern":"^https?:\\/\\/([0-9A-Za-z_\\-]+\\.)?m\\.toutiaocdn\\.com\\/","group":"private","included_methods":[],"excluded_methods":[]}],"toutiaocdn.net":[{"pattern":"^https?:\\/\\/m\\.toutiaocdn\\.net\\/","group":"private","included_methods":[],"excluded_methods":[]}],"ulikecam.com":[{"pattern":"^https?:\\/\\/([0-9A-Za-z_\\-]+\\.)?lv\\.ulikecam\\.com\\/","group":"private","included_methods":[],"excluded_methods":[]}],"ulpay.com":[{"pattern":"^https?:\\/\\/([0-9A-Za-z_\\-]+\\.)?ulpay\\.com\\/","group":"private","included_methods":[],"excluded_methods":[]}],"xflapp.com":[{"pattern":"^https?:\\/\\/([0-9A-Za-z_\\-]+\\.)?xflapp\\.com\\/","group":"private","included_methods":[],"excluded_methods":[]}],"yangyi08.com":[{"pattern":"^https?:\\/\\/sf3-ttcdn-tos\\.yangyi08\\.com\\/obj\\/ad-tetris-site\\/","group":"private","included_methods":[],"excluded_methods":[]},{"pattern":"^https?:\\/\\/s3\\.yangyi08\\.com\\/","group":"private","included_methods":[],"excluded_methods":[]},{"pattern":"^https?:\\/\\/sf3-ttcdn-tos\\.yangyi08\\.com\\/obj\\/union-fe\\/playable\\/","group":"private","included_methods":[],"excluded_methods":[]}],"zhuxiaobang.com":[{"pattern":"^https?:\\/\\/m\\.zhuxiaobang\\.com\\/","group":"private","included_methods":[],"excluded_methods":[]},{"pattern":"^https?:\\/\\/vip\\.zhuxiaobang\\.com\\/","group":"private","included_methods":[],"excluded_methods":[]}],"zjurl.cn":[{"pattern":"^https?:\\/\\/m\\.zjurl\\.cn\\/","group":"private","included_methods":[],"excluded_methods":[]}]},"package_version":83302864,"package_type":3,"channel":"_jsb_auth","channel_index":1},{"content":{"bytecdn.cn":[{"pattern":"^https:\\/\\/s3\\.bytecdn\\.cn\\/","group":"private","included_methods":[],"excluded_methods":[]},{"pattern":"^https:\\/\\/s3a\\.bytecdn\\.cn\\/","group":"private","included_methods":[],"excluded_methods":[]},{"pattern":"^https:\\/\\/s3b\\.bytecdn\\.cn\\/","group":"private","included_methods":[],"excluded_methods":[]}]},"package_version":86046612,"package_type":3,"channel":"_jsb_auth.webcast","channel_index":2}]},"universal_strategies":{}},"message":"success","status":0}